user_id,n_sessoes_total,hora_media_inicio,kwh_medio_sessao,duracao_media_min,pct_fim_semana,cluster
U0001,56,13.928571428571429,19.110285714285713,122.60714285714286,0.23214285714285715,2
U0002,72,16.26388888888889,32.14498611111111,92.58333333333333,0.3055555555555556,0
U0003,46,13.804347826086957,31.687760869565217,100.6304347826087,0.21739130434782608,2
U0004,72,15.958333333333334,16.73322222222222,105.27777777777777,0.3055555555555556,1
U0005,40,14.875,18.52065,111.525,0.325,1
U0006,73,15.164383561643836,14.249095890410958,90.16438356164383,0.273972602739726,1
U0007,36,14.0,28.894333333333332,86.83333333333333,0.3333333333333333,0
U0008,66,14.545454545454545,40.70289393939394,119.16666666666667,0.2878787878787879,3
U0009,85,15.964705882352941,17.076729411764706,108.29411764705883,0.3176470588235294,1
U0010,51,16.07843137254902,33.34670588235294,106.2156862745098,0.2549019607843137,3
U0011,60,14.616666666666667,30.168766666666667,97.91666666666667,0.21666666666666667,0
U0012,14,13.071428571428571,34.13314285714286,107.0,0.2857142857142857,2
U0013,73,14.342465753424657,11.906616438356163,110.91780821917808,0.3013698630136986,1
U0014,66,16.166666666666668,34.950242424242425,106.07575757575758,0.2878787878787879,3
U0015,54,14.11111111111111,41.12181481481481,114.81481481481481,0.2222222222222222,3
U0016,37,16.16216216216216,32.141999999999996,86.51351351351352,0.1891891891891892,0
U0017,81,14.82716049382716,31.11749382716049,90.95061728395062,0.32098765432098764,0
U0018,32,16.09375,11.02534375,103.46875,0.21875,1
U0019,74,14.756756756756756,37.5592972972973,110.82432432432432,0.4189189189189189,3
U0020,69,15.420289855072463,32.981521739130436,103.89855072463769,0.2898550724637681,3
U0021,25,15.16,21.90768,113.24,0.32,2
U0022,86,15.151162790697674,10.52239534883721,96.95348837209302,0.3023255813953488,1
U0023,70,16.214285714285715,36.83547142857143,105.72857142857143,0.2571428571428571,3
U0024,82,14.792682926829269,31.26489024390244,95.8170731707317,0.2804878048780488,3
U0025,57,15.771929824561404,30.63363157894737,99.98245614035088,0.17543859649122806,0
U0026,106,14.867924528301886,34.37258490566038,102.27358490566037,0.3018867924528302,3
U0027,40,14.975,10.412675,94.275,0.275,1
U0028,94,14.5,32.46668085106383,99.34042553191489,0.3404255319148936,3
U0029,62,14.193548387096774,31.125129032258066,93.5,0.1935483870967742,0
U0030,40,14.875,11.061175,101.75,0.425,1
U0031,20,14.6,19.60565,113.8,0.15,2
U0032,78,15.576923076923077,30.00025641025641,94.88461538461539,0.2564102564102564,0
U0033,41,13.951219512195122,17.64770731707317,104.8048780487805,0.3902439024390244,1
U0034,62,15.258064516129032,32.816806451612905,103.03225806451613,0.3548387096774194,3
U0035,19,13.368421052631579,10.902052631578949,102.0,0.2631578947368421,2
U0036,20,16.45,35.64945,95.9,0.05,0
U0037,49,13.26530612244898,28.482326530612244,91.28571428571429,0.20408163265306123,2
U0038,50,15.2,12.03666,103.38,0.36,1
U0039,105,15.447619047619048,31.138342857142856,98.80952380952381,0.3333333333333333,3
U0040,84,13.785714285714286,38.59103571428572,105.78571428571429,0.30952380952380953,3
U0041,86,16.13953488372093,18.99320930232558,105.55813953488372,0.32558139534883723,1
U0042,31,16.516129032258064,27.00564516129032,89.29032258064517,0.25806451612903225,0
U0043,22,15.272727272727273,10.097272727272728,98.5909090909091,0.2727272727272727,1
U0044,42,15.666666666666666,43.539976190476196,115.5,0.2857142857142857,3
U0045,130,14.0,36.64826923076923,108.95384615384616,0.23076923076923078,3
U0046,68,15.470588235294118,30.207455882352942,97.75,0.25,0
U0047,55,16.072727272727274,17.916654545454545,106.92727272727272,0.32727272727272727,1
U0048,81,16.061728395061728,17.0487037037037,108.32098765432099,0.2345679012345679,1
U0049,83,15.46987951807229,15.413469879518072,96.0,0.27710843373493976,1
U0050,45,15.844444444444445,34.8372,110.95555555555555,0.26666666666666666,3
U0051,85,14.811764705882354,11.505317647058824,106.25882352941177,0.23529411764705882,1
U0052,71,15.816901408450704,32.564619718309864,92.77464788732394,0.3380281690140845,0
U0053,55,14.527272727272727,33.98958181818182,98.32727272727273,0.23636363636363636,0
U0054,51,14.07843137254902,16.493450980392158,105.15686274509804,0.21568627450980393,2
U0055,24,16.541666666666668,30.226666666666663,97.29166666666667,0.2916666666666667,0
U0056,85,15.48235294117647,15.729576470588235,98.30588235294118,0.32941176470588235,1
U0057,48,15.708333333333334,34.40077083333333,102.89583333333333,0.22916666666666666,0
U0058,61,15.081967213114755,31.451311475409835,99.98360655737704,0.3114754098360656,3
U0059,58,14.362068965517242,15.00603448275862,95.84482758620689,0.25862068965517243,1
U0060,44,15.340909090909092,17.237363636363636,101.27272727272727,0.36363636363636365,1
U0061,28,15.571428571428571,14.912035714285713,92.42857142857143,0.32142857142857145,1
U0062,36,15.194444444444445,12.05336111111111,93.25,0.3333333333333333,1
U0063,43,16.906976744186046,10.450302325581395,89.6046511627907,0.2558139534883721,1
U0064,41,15.170731707317072,34.15119512195122,110.07317073170732,0.34146341463414637,3
U0065,22,16.727272727272727,28.72009090909091,86.77272727272727,0.22727272727272727,0
U0066,57,17.12280701754386,18.228754385964912,108.56140350877193,0.3508771929824561,1
U0067,63,15.761904761904763,15.912984126984128,92.73015873015873,0.2857142857142857,1
U0068,35,13.17142857142857,30.185571428571432,97.51428571428572,0.2857142857142857,2
U0069,65,14.892307692307693,35.28129230769231,111.52307692307693,0.3230769230769231,3
U0070,54,14.277777777777779,39.66535185185185,109.5,0.3333333333333333,3
U0071,77,13.948051948051948,35.11089610389611,105.0,0.24675324675324675,3
U0072,36,15.305555555555555,11.476694444444444,108.72222222222223,0.3888888888888889,1
U0073,37,16.7027027027027,16.067783783783785,95.86486486486487,0.21621621621621623,0
U0074,24,13.208333333333334,17.099791666666665,109.04166666666667,0.2916666666666667,2
U0075,10,16.0,14.957400000000002,143.7,0.2,2
U0076,10,11.6,35.9049,117.3,0.1,2
U0077,72,14.722222222222221,15.571972222222222,97.84722222222223,0.2638888888888889,1
U0078,59,15.745762711864407,18.258135593220338,106.50847457627118,0.4406779661016949,1
U0079,71,16.3943661971831,34.66964788732395,111.30985915492958,0.29577464788732394,3
U0080,116,15.068965517241379,12.37425,112.42241379310344,0.28448275862068967,1
U0081,63,15.34920634920635,31.662317460317457,100.66666666666667,0.1746031746031746,0
U0082,96,15.322916666666666,15.979437500000001,103.29166666666667,0.23958333333333334,1
U0083,45,15.911111111111111,15.566755555555556,97.31111111111112,0.28888888888888886,1
U0084,41,15.585365853658537,16.55178048780488,101.60975609756098,0.21951219512195122,1
U0085,87,15.540229885057471,34.53370114942528,106.88505747126437,0.26436781609195403,3
U0086,51,16.568627450980394,32.32437254901961,104.74509803921569,0.39215686274509803,3
U0087,44,14.340909090909092,15.601613636363636,95.0,0.25,1
U0088,60,15.233333333333333,17.857966666666666,108.7,0.16666666666666666,2
U0089,6,15.333333333333334,45.91216666666667,73.5,0.16666666666666666,0
U0090,36,14.25,13.374333333333333,116.55555555555556,0.1388888888888889,2
U0091,81,15.246913580246913,32.53111111111111,101.95061728395062,0.25925925925925924,3
U0092,58,16.051724137931036,33.19046551724138,95.51724137931035,0.29310344827586204,0
U0093,33,15.212121212121213,29.112303030303032,93.48484848484848,0.36363636363636365,0
U0094,45,14.28888888888889,32.74571111111111,96.97777777777777,0.28888888888888886,0
U0095,25,16.2,34.44168,108.6,0.36,3
U0096,67,15.582089552238806,29.95755223880597,95.73134328358209,0.2835820895522388,0
U0097,84,14.238095238095237,33.58590476190476,107.16666666666667,0.27380952380952384,3
U0098,20,16.4,16.9182,107.7,0.2,1
U0099,35,14.428571428571429,18.236657142857144,110.6,0.42857142857142855,1
U0100,59,15.542372881355933,33.747237288135594,107.89830508474576,0.2542372881355932,3
U0101,48,15.458333333333334,34.420375,104.0625,0.20833333333333334,0
U0102,58,15.551724137931034,11.201327586206897,99.70689655172414,0.29310344827586204,1
U0103,71,16.408450704225352,29.13367605633803,94.40845070422536,0.23943661971830985,0
U0104,69,15.072463768115941,31.687884057971015,100.27536231884058,0.36231884057971014,3
U0105,54,16.72222222222222,11.067518518518519,104.20370370370371,0.3333333333333333,1
U0106,64,16.125,32.933328125,97.375,0.265625,0
U0107,30,14.3,33.454766666666664,109.06666666666666,0.4666666666666667,3
U0108,82,14.792682926829269,11.306914634146342,104.20731707317073,0.3048780487804878,1
U0109,29,16.413793103448278,32.55886206896552,103.48275862068965,0.4482758620689655,3
U0110,121,15.24793388429752,31.279528925619832,100.1900826446281,0.2727272727272727,3
U0111,71,15.126760563380282,27.286267605633803,84.78873239436619,0.22535211267605634,0
U0112,88,15.852272727272727,17.59275,109.93181818181819,0.23863636363636365,1
U0113,19,14.578947368421053,14.72578947368421,95.57894736842105,0.21052631578947367,2
U0114,26,14.307692307692308,13.402346153846155,86.38461538461539,0.15384615384615385,2
U0115,52,15.365384615384615,16.964673076923077,109.25,0.28846153846153844,1
U0116,133,15.240601503759398,34.58899248120301,104.69172932330827,0.3383458646616541,3
U0117,99,14.97979797979798,13.112616161616163,115.74747474747475,0.1919191919191919,1
U0118,54,15.944444444444445,10.741203703703704,93.25925925925925,0.4074074074074074,1
U0119,38,15.631578947368421,15.894499999999999,99.21052631578948,0.3684210526315789,1
U0120,26,12.923076923076923,15.006076923076924,95.42307692307692,0.34615384615384615,2
U0121,44,16.227272727272727,32.972522727272725,98.1590909090909,0.2727272727272727,0
U0122,54,14.75925925925926,32.823462962962964,96.96296296296296,0.3148148148148148,3
U0123,27,16.25925925925926,42.37159259259259,121.0,0.25925925925925924,3
U0124,36,14.833333333333334,36.22302777777778,106.22222222222223,0.19444444444444445,2
U0125,46,15.26086956521739,30.707673913043475,95.28260869565217,0.15217391304347827,0
U0126,39,15.128205128205128,33.0334358974359,107.02564102564102,0.1794871794871795,2
U0127,42,14.785714285714286,31.533023809523808,95.52380952380952,0.40476190476190477,3
U0128,63,15.428571428571429,36.561,117.01587301587301,0.30158730158730157,3
U0129,35,14.114285714285714,34.31305714285715,98.54285714285714,0.2857142857142857,2
U0130,41,15.536585365853659,31.708000000000002,98.6829268292683,0.2926829268292683,0
U0131,67,15.970149253731343,25.046731343283582,78.65671641791045,0.2537313432835821,0
U0132,15,14.933333333333334,33.234,105.06666666666666,0.3333333333333333,3
U0133,60,13.983333333333333,9.618633333333333,91.5,0.2833333333333333,1
U0134,29,16.517241379310345,31.271620689655176,94.65517241379311,0.27586206896551724,0
U0135,79,16.10126582278481,17.010582278481014,99.9493670886076,0.24050632911392406,1
U0136,32,13.1875,19.80865625,116.28125,0.28125,2
U0137,45,14.444444444444445,10.804555555555556,104.2,0.24444444444444444,2
U0138,50,12.94,35.84532,107.74,0.26,2
U0139,49,16.183673469387756,11.70022448979592,110.46938775510205,0.24489795918367346,1
U0140,46,15.108695652173912,11.069260869565216,106.3695652173913,0.2608695652173913,1
U0141,48,16.708333333333332,15.223875,95.52083333333333,0.2708333333333333,1
U0142,81,14.271604938271604,14.97832098765432,94.39506172839506,0.32098765432098764,1
U0143,41,14.21951219512195,34.95517073170732,112.7560975609756,0.2682926829268293,2
U0144,44,16.113636363636363,37.85275,109.81818181818181,0.3409090909090909,3
U0145,54,14.444444444444445,17.159037037037038,103.38888888888889,0.35185185185185186,1
U0146,69,15.72463768115942,16.700652173913046,101.30434782608695,0.2318840579710145,1
U0147,31,16.387096774193548,8.427000000000001,79.48387096774194,0.3548387096774194,1
U0148,67,15.462686567164178,10.943701492537313,102.74626865671642,0.3880597014925373,1
U0149,28,12.535714285714286,16.177285714285713,102.10714285714286,0.32142857142857145,2
U0150,73,15.780821917808218,31.601479452054793,102.08219178082192,0.3013698630136986,3
